[
  {
    "id": "d775eec1-0a5c-46b4-8716-e43227f4247b",
    "data": [
      {
        "text": "who are you",
        "userDefined": false
      }
    ],
    "isTemplate": false,
    "count": 0,
    "lang": "en",
    "updated": 0
  },
  {
    "id": "e85b73a7-db80-4df5-8258-791d2ad9ffa6",
    "data": [
      {
        "text": "introduce yourself",
        "userDefined": false
      }
    ],
    "isTemplate": false,
    "count": 0,
    "lang": "en",
    "updated": 0
  },
  {
    "id": "d4963430-ccc4-4673-9034-be2086a42d12",
    "data": [
      {
        "text": "why are you here",
        "userDefined": false
      }
    ],
    "isTemplate": false,
    "count": 0,
    "lang": "en",
    "updated": 0
  },
  {
    "id": "4f90cc7e-fba6-4c22-8c55-e30c94b0bb04",
    "data": [
      {
        "text": "tell me about yourself",
        "userDefined": false
      }
    ],
    "isTemplate": false,
    "count": 0,
    "lang": "en",
    "updated": 0
  },
  {
    "id": "eda90177-3c5f-4a05-a216-33aa2c844093",
    "data": [
      {
        "text": "talk about yourself",
        "userDefined": false
      }
    ],
    "isTemplate": false,
    "count": 0,
    "lang": "en",
    "updated": 0
  },
  {
    "id": "d60bc8c7-8f22-4ca2-a52b-a89192c20d7a",
    "data": [
      {
        "text": "say about you",
        "userDefined": false
      }
    ],
    "isTemplate": false,
    "count": 0,
    "lang": "en",
    "updated": 0
  },
  {
    "id": "2368dbc6-6570-4cd2-8fb2-3560e283e733",
    "data": [
      {
        "text": "tell me about you",
        "userDefined": false
      }
    ],
    "isTemplate": false,
    "count": 0,
    "lang": "en",
    "updated": 0
  },
  {
    "id": "fda6782c-60c3-439d-8d36-81ebb990e052",
    "data": [
      {
        "text": "tell me some stuff about you",
        "userDefined": false
      }
    ],
    "isTemplate": false,
    "count": 0,
    "lang": "en",
    "updated": 0
  },
  {
    "id": "89c9c636-4727-40f5-8cfd-5f8a0888ce24",
    "data": [
      {
        "text": "who are you?",
        "userDefined": false
      }
    ],
    "isTemplate": false,
    "count": 0,
    "lang": "en",
    "updated": 0
  },
  {
    "id": "75b17e9c-a8fb-4b1f-8a85-44a5f53f8b3a",
    "data": [
      {
        "text": "introduction",
        "userDefined": false
      }
    ],
    "isTemplate": false,
    "count": 1,
    "lang": "en",
    "updated": 0
  },
  {
    "id": "92b4087b-0dcf-4ed6-8ed0-5817da88d9c9",
    "data": [
      {
        "text": "intro",
        "userDefined": false
      }
    ],
    "isTemplate": false,
    "count": 0,
    "lang": "en",
    "updated": 0
  },
  {
    "id": "2f800c3b-76a2-4d61-a0b1-9c102c52abfe",
    "data": [
      {
        "text": "Getting Started",
        "userDefined": false
      }
    ],
    "isTemplate": false,
    "count": 0,
    "lang": "en",
    "updated": 0
  },
  {
    "id": "c1ead3f9-35ba-4f79-9c4d-10b7efaca3ff",
    "data": [
      {
        "text": "about u",
        "userDefined": false
      }
    ],
    "isTemplate": false,
    "count": 0,
    "lang": "en",
    "updated": 0
  }
]