[
  {
    "id": "47173032-2889-4379-88d8-759957d88782",
    "data": [
      {
        "text": "what are your limitation?",
        "userDefined": false
      }
    ],
    "isTemplate": false,
    "count": 0,
    "updated": 0
  },
  {
    "id": "12b3b866-d0b5-4a1a-9c5a-bb9f299d0869",
    "data": [
      {
        "text": "what can you do?",
        "userDefined": false
      }
    ],
    "isTemplate": false,
    "count": 0,
    "updated": 0
  },
  {
    "id": "55db9713-c813-44da-ae07-800f615453fe",
    "data": [
      {
        "text": "features",
        "userDefined": false
      }
    ],
    "isTemplate": false,
    "count": 0,
    "updated": 0
  }
]