[
  {
    "id": "fd59a73a-ed36-49f2-9977-2eefe6dfce21",
    "data": [
      {
        "text": "how will you help me",
        "userDefined": false
      }
    ],
    "isTemplate": false,
    "count": 0,
    "lang": "en",
    "updated": 0
  },
  {
    "id": "937a7b4c-072a-4384-98ce-9ce9b6bc3f6f",
    "data": [
      {
        "text": "how can you help me?",
        "userDefined": false
      }
    ],
    "isTemplate": false,
    "count": 0,
    "lang": "en",
    "updated": 0
  },
  {
    "id": "47173032-2889-4379-88d8-759957d88782",
    "data": [
      {
        "text": "what are your limitation?",
        "userDefined": false
      }
    ],
    "isTemplate": false,
    "count": 0,
    "lang": "en",
    "updated": 0
  }
]