[
  {
    "id": "9d7f6e39-b346-45ec-bbbb-e0642bc18310",
    "data": [
      {
        "text": "ibd disease",
        "userDefined": false
      }
    ],
    "isTemplate": false,
    "count": 0,
    "lang": "en",
    "updated": 0
  },
  {
    "id": "8021ee0a-fafb-4175-8d65-4f263ab569f7",
    "data": [
      {
        "text": "IBD",
        "userDefined": false
      }
    ],
    "isTemplate": false,
    "count": 2,
    "lang": "en",
    "updated": 0
  },
  {
    "id": "9f31eb14-252b-42d3-a92c-ef661f5c4762",
    "data": [
      {
        "text": "Inflammatory disease",
        "userDefined": false
      }
    ],
    "isTemplate": false,
    "count": 0,
    "lang": "en",
    "updated": 0
  },
  {
    "id": "8df199e5-8a60-4d6d-91fa-fb043f279b86",
    "data": [
      {
        "text": "bowel disease",
        "userDefined": false
      }
    ],
    "isTemplate": false,
    "count": 0,
    "lang": "en",
    "updated": 0
  },
  {
    "id": "064ae4c0-89c4-4f56-b9a5-5cbf67ec4c6c",
    "data": [
      {
        "text": "Inflammatory bowel disease",
        "userDefined": false
      }
    ],
    "isTemplate": false,
    "count": 1,
    "lang": "en",
    "updated": 0
  }
]