[
  {
    "id": "24df727a-cd43-4b41-8293-81345bf5f4a1",
    "data": [
      {
        "text": "ibd types",
        "userDefined": false
      }
    ],
    "isTemplate": false,
    "count": 0,
    "updated": 0
  },
  {
    "id": "59160110-03a9-41af-ac6b-d9c87cc012a9",
    "data": [
      {
        "text": "types of ibd",
        "userDefined": false
      }
    ],
    "isTemplate": false,
    "count": 0,
    "updated": 0
  },
  {
    "id": "537b64c1-5eb0-4115-bbae-b0661bc8d33f",
    "data": [
      {
        "text": "types",
        "userDefined": false
      }
    ],
    "isTemplate": false,
    "count": 0,
    "updated": 0
  }
]