[
  {
    "id": "95275dfb-f845-4e0f-97e6-0d6b1ec56c1f",
    "data": [
      {
        "text": "types of bowel disease",
        "userDefined": false
      }
    ],
    "isTemplate": false,
    "count": 0,
    "lang": "en",
    "updated": 0
  },
  {
    "id": "6a0c2621-173a-417c-99c6-2832dafa64cf",
    "data": [
      {
        "text": "types of inflammatory bowel disease",
        "userDefined": false
      }
    ],
    "isTemplate": false,
    "count": 0,
    "lang": "en",
    "updated": 0
  },
  {
    "id": "4699aaa5-aefc-4a08-811b-4686465f0eb0",
    "data": [
      {
        "text": "types in ibd",
        "userDefined": false
      }
    ],
    "isTemplate": false,
    "count": 0,
    "lang": "en",
    "updated": 0
  },
  {
    "id": "42a3bbca-793b-482c-97bb-eec853a09e64",
    "data": [
      {
        "text": "type of ibd",
        "userDefined": false
      }
    ],
    "isTemplate": false,
    "count": 0,
    "lang": "en",
    "updated": 0
  },
  {
    "id": "24df727a-cd43-4b41-8293-81345bf5f4a1",
    "data": [
      {
        "text": "ibd types",
        "userDefined": false
      }
    ],
    "isTemplate": false,
    "count": 0,
    "lang": "en",
    "updated": 0
  },
  {
    "id": "59160110-03a9-41af-ac6b-d9c87cc012a9",
    "data": [
      {
        "text": "types of ibd",
        "userDefined": false
      }
    ],
    "isTemplate": false,
    "count": 0,
    "lang": "en",
    "updated": 0
  },
  {
    "id": "537b64c1-5eb0-4115-bbae-b0661bc8d33f",
    "data": [
      {
        "text": "types",
        "userDefined": false
      }
    ],
    "isTemplate": false,
    "count": 0,
    "lang": "en",
    "updated": 0
  }
]