[
  {
    "id": "b34778a3-543d-4d52-aec3-2ae92d9f8f3b",
    "data": [
      {
        "text": "ulcers",
        "userDefined": false
      }
    ],
    "isTemplate": false,
    "count": 0,
    "lang": "en",
    "updated": 0
  },
  {
    "id": "e37507cf-fe4d-4bdc-961b-fd98669196b0",
    "data": [
      {
        "text": "colitis",
        "userDefined": false
      }
    ],
    "isTemplate": false,
    "count": 0,
    "lang": "en",
    "updated": 0
  },
  {
    "id": "5885b6e5-d471-4f6b-9b4d-c9b2067e1d5c",
    "data": [
      {
        "text": "ulcerative colitis",
        "userDefined": false
      }
    ],
    "isTemplate": false,
    "count": 0,
    "lang": "en",
    "updated": 0
  },
  {
    "id": "8e509809-cde3-4bef-9601-b5bedf7a2276",
    "data": [
      {
        "text": "UC",
        "userDefined": false
      }
    ],
    "isTemplate": false,
    "count": 0,
    "lang": "en",
    "updated": 0
  }
]