[
  {
    "id": "e176e6f9-0edd-414e-9e3f-cff11116ac27",
    "data": [
      {
        "text": "why IBD happens?",
        "userDefined": false
      }
    ],
    "isTemplate": false,
    "count": 0,
    "updated": 0
  },
  {
    "id": "65ea671b-b0ce-4442-8c07-dd7917923978",
    "data": [
      {
        "text": "whats the reason behind IBD",
        "userDefined": false
      }
    ],
    "isTemplate": false,
    "count": 0,
    "updated": 0
  },
  {
    "id": "29efe715-d995-4294-9138-d184f7524159",
    "data": [
      {
        "text": "what causes IBD",
        "userDefined": false
      }
    ],
    "isTemplate": false,
    "count": 0,
    "updated": 0
  },
  {
    "id": "a79eb012-c1db-4c49-8936-d219399938b5",
    "data": [
      {
        "text": "Causes of inflammatory bowel disease",
        "userDefined": false
      }
    ],
    "isTemplate": false,
    "count": 0,
    "updated": 0
  },
  {
    "id": "8dd364d9-e993-408c-b7bc-813bbe1b3f3d",
    "data": [
      {
        "text": "What are the causes of IBD?",
        "userDefined": false
      }
    ],
    "isTemplate": false,
    "count": 0,
    "updated": 0
  }
]