[
  {
    "id": "34bcfbe4-ce77-4a98-be4d-b8bd9643bfa0",
    "data": [
      {
        "text": "what is the number of people getting ",
        "userDefined": false
      },
      {
        "text": "ibd",
        "meta": "@Disease",
        "alias": "Disease",
        "userDefined": false
      }
    ],
    "isTemplate": false,
    "count": 0,
    "lang": "en",
    "updated": 0
  },
  {
    "id": "fc9bd4ac-7ce0-4536-bc55-1f5ae2cb1b91",
    "data": [
      {
        "text": "how many people gets ",
        "userDefined": false
      },
      {
        "text": "ibd",
        "meta": "@Disease",
        "alias": "Disease",
        "userDefined": false
      }
    ],
    "isTemplate": false,
    "count": 0,
    "lang": "en",
    "updated": 0
  },
  {
    "id": "ca8a7c5e-53ed-499a-bc99-4939d6e5ee65",
    "data": [
      {
        "text": "what is frequency of occurence of ",
        "userDefined": false
      },
      {
        "text": "IBD",
        "meta": "@Disease",
        "alias": "Disease",
        "userDefined": false
      }
    ],
    "isTemplate": false,
    "count": 0,
    "lang": "en",
    "updated": 0
  },
  {
    "id": "9a7ca81c-dc7f-43a6-91fe-15a1f4cdda39",
    "data": [
      {
        "text": "how common is to get ",
        "userDefined": false
      },
      {
        "text": "ibd",
        "meta": "@Disease",
        "alias": "Disease",
        "userDefined": false
      },
      {
        "text": "?",
        "userDefined": false
      }
    ],
    "isTemplate": false,
    "count": 0,
    "lang": "en",
    "updated": 0
  }
]