[
  {
    "id": "80d30d8e-4262-4900-8ea0-5836a4bdf66c",
    "data": [
      {
        "text": "ibd",
        "alias": "Disease",
        "meta": "@Disease",
        "userDefined": false
      },
      {
        "text": " signs",
        "userDefined": false
      }
    ],
    "isTemplate": false,
    "count": 0,
    "updated": 0
  },
  {
    "id": "e8ad2f2e-6dac-47d8-bf01-c50ab9d7c999",
    "data": [
      {
        "text": "ibd",
        "alias": "Disease",
        "meta": "@Disease",
        "userDefined": false
      },
      {
        "text": " symptoms",
        "userDefined": false
      }
    ],
    "isTemplate": false,
    "count": 0,
    "updated": 0
  },
  {
    "id": "79c20d39-d039-4e03-b97b-aa469d3a6b87",
    "data": [
      {
        "text": "what are symptoms of ",
        "userDefined": false
      },
      {
        "text": "ibd",
        "alias": "Disease",
        "meta": "@Disease",
        "userDefined": false
      }
    ],
    "isTemplate": false,
    "count": 0,
    "updated": 0
  },
  {
    "id": "33cef9b4-1b0b-4872-8c1e-ec404622803d",
    "data": [
      {
        "text": "tell me about noticing early stages of ",
        "userDefined": false
      },
      {
        "text": "ibd",
        "alias": "Disease",
        "meta": "@Disease",
        "userDefined": false
      }
    ],
    "isTemplate": false,
    "count": 0,
    "updated": 0
  },
  {
    "id": "282139fb-f1fc-4ea5-b4f1-5b86dc05d6ab",
    "data": [
      {
        "text": "how is ",
        "userDefined": false
      },
      {
        "text": "ibd",
        "alias": "Disease",
        "meta": "@Disease",
        "userDefined": false
      },
      {
        "text": " noticed in early stages",
        "userDefined": false
      }
    ],
    "isTemplate": false,
    "count": 0,
    "updated": 0
  },
  {
    "id": "0a42ea2d-9f87-489e-b58a-c65d0b92b440",
    "data": [
      {
        "text": "how can you notice ",
        "userDefined": false
      },
      {
        "text": "ibd",
        "alias": "Disease",
        "meta": "@Disease",
        "userDefined": false
      },
      {
        "text": " early",
        "userDefined": false
      }
    ],
    "isTemplate": false,
    "count": 0,
    "updated": 0
  },
  {
    "id": "77100974-0b45-44a9-aa99-5784c2ffce20",
    "data": [
      {
        "text": "What are the signs of ",
        "userDefined": false
      },
      {
        "text": "ibd",
        "alias": "Disease",
        "meta": "@Disease",
        "userDefined": false
      }
    ],
    "isTemplate": false,
    "count": 0,
    "updated": 0
  }
]