[
  {
    "id": "09eb8cd9-9bdb-4bff-afc6-c161ad9ae7dc",
    "data": [
      {
        "text": "emergencies",
        "userDefined": false
      }
    ],
    "isTemplate": false,
    "count": 0,
    "lang": "en",
    "updated": 0
  },
  {
    "id": "2ca81d71-ae1c-4f7d-9ce7-40092b158f29",
    "data": [
      {
        "text": "emergency",
        "userDefined": false
      }
    ],
    "isTemplate": false,
    "count": 0,
    "lang": "en",
    "updated": 0
  },
  {
    "id": "2b803ab6-e584-4280-a283-97fa9915aecc",
    "data": [
      {
        "text": "medical emergency",
        "userDefined": false
      }
    ],
    "isTemplate": false,
    "count": 0,
    "lang": "en",
    "updated": 0
  },
  {
    "id": "8cb0fa2b-2d17-4319-b076-af43c7386040",
    "data": [
      {
        "text": "when to see a doctor?",
        "userDefined": false
      }
    ],
    "isTemplate": false,
    "count": 0,
    "lang": "en",
    "updated": 0
  }
]