[
  {
    "id": "eb607a52-657f-41b1-8bb3-1cd9b3f949ac",
    "data": [
      {
        "text": "treatment available",
        "userDefined": false
      }
    ],
    "isTemplate": false,
    "count": 0,
    "lang": "en",
    "updated": 0
  },
  {
    "id": "1b0d05c2-7033-4553-b71d-060914beb34a",
    "data": [
      {
        "text": "cure",
        "userDefined": false
      }
    ],
    "isTemplate": false,
    "count": 0,
    "lang": "en",
    "updated": 0
  },
  {
    "id": "8dd4f023-eb19-40b9-8d9e-f5fad2df94a9",
    "data": [
      {
        "text": "treatment",
        "userDefined": false
      }
    ],
    "isTemplate": false,
    "count": 0,
    "lang": "en",
    "updated": 0
  }
]