[
  {
    "id": "3f661bc5-958e-474f-988b-2771ee9ea2bd",
    "data": [
      {
        "text": "complication",
        "userDefined": false
      }
    ],
    "isTemplate": false,
    "count": 0,
    "updated": 0
  },
  {
    "id": "4fd4da55-4132-4044-89fd-e258c56faf3f",
    "data": [
      {
        "text": "risk",
        "userDefined": false
      }
    ],
    "isTemplate": false,
    "count": 0,
    "updated": 0
  },
  {
    "id": "28b34e5d-782d-4fb6-8045-6bc4e52b9287",
    "data": [
      {
        "text": "risks",
        "userDefined": false
      }
    ],
    "isTemplate": false,
    "count": 0,
    "updated": 0
  },
  {
    "id": "c9ad2902-d0f2-4816-bab9-3c84709defd3",
    "data": [
      {
        "text": "complications",
        "userDefined": false
      }
    ],
    "isTemplate": false,
    "count": 0,
    "updated": 0
  }
]