[
  {
    "id": "52b77e3a-63bd-4de5-953d-4fa8fe9869a7",
    "data": [
      {
        "text": "call doctor",
        "userDefined": false
      }
    ],
    "isTemplate": false,
    "count": 1,
    "lang": "en",
    "updated": 0
  },
  {
    "id": "b52c0756-5acb-4739-9d78-c45dd1cbcf4f",
    "data": [
      {
        "text": "call",
        "userDefined": false
      }
    ],
    "isTemplate": false,
    "count": 0,
    "lang": "en",
    "updated": 0
  },
  {
    "id": "499fd2bc-c0bb-41f0-9ee2-0ca6dbc96fcf",
    "data": [
      {
        "text": "contact doctor",
        "userDefined": false
      }
    ],
    "isTemplate": false,
    "count": 0,
    "lang": "en",
    "updated": 0
  }
]