[
  {
    "id": "67b3e710-67a8-4235-bb11-1be53854f8e8",
    "data": [
      {
        "text": "food guide for ",
        "userDefined": false
      },
      {
        "text": "ibd",
        "meta": "@Disease",
        "alias": "Disease",
        "userDefined": false
      }
    ],
    "isTemplate": false,
    "count": 0,
    "lang": "en",
    "updated": 0
  },
  {
    "id": "bac1f976-5a2f-480c-adf7-62a3c3fc8ede",
    "data": [
      {
        "text": "healthy food for ",
        "userDefined": false
      },
      {
        "text": "ibd",
        "meta": "@Disease",
        "alias": "Disease",
        "userDefined": false
      }
    ],
    "isTemplate": false,
    "count": 0,
    "lang": "en",
    "updated": 0
  },
  {
    "id": "d46f9653-a424-46d5-aa01-57a860971c98",
    "data": [
      {
        "text": "nutrition",
        "userDefined": false
      }
    ],
    "isTemplate": false,
    "count": 0,
    "lang": "en",
    "updated": 0
  },
  {
    "id": "ba4ef65a-83cd-4816-a6a3-1f7036d94957",
    "data": [
      {
        "text": "food",
        "userDefined": false
      }
    ],
    "isTemplate": false,
    "count": 0,
    "lang": "en",
    "updated": 0
  },
  {
    "id": "5bedd4b6-04ff-4dc8-ac95-40b49a98c7c9",
    "data": [
      {
        "text": "Diet",
        "userDefined": false
      }
    ],
    "isTemplate": false,
    "count": 0,
    "lang": "en",
    "updated": 0
  },
  {
    "id": "0420633f-163f-4da7-a29c-d2f7fa86c156",
    "data": [
      {
        "text": "Diet Chart",
        "userDefined": false
      }
    ],
    "isTemplate": false,
    "count": 0,
    "lang": "en",
    "updated": 0
  },
  {
    "id": "13d20e69-664d-4fd4-b67b-3c6a3b93b6f0",
    "data": [
      {
        "text": "Diet Chart/",
        "userDefined": false
      }
    ],
    "isTemplate": false,
    "count": 0,
    "lang": "en",
    "updated": 0
  }
]