[
  {
    "id": "7fcacb6b-40a5-4422-9300-544229c35fc5",
    "data": [
      {
        "text": "loosing blood",
        "userDefined": false
      }
    ],
    "isTemplate": false,
    "count": 0,
    "updated": 0
  },
  {
    "id": "d7cc34b0-8e9f-445a-8f04-582977f8b9d3",
    "data": [
      {
        "text": "lose of blood",
        "userDefined": false
      }
    ],
    "isTemplate": false,
    "count": 0,
    "updated": 0
  },
  {
    "id": "c3c5aece-7534-4ad8-ae8f-e9bf7e82d882",
    "data": [
      {
        "text": "i worried. I loosing a lot of blood?",
        "userDefined": false
      }
    ],
    "isTemplate": false,
    "count": 0,
    "updated": 0
  },
  {
    "id": "c96b3538-8643-4b8e-ab2d-801f4228ca42",
    "data": [
      {
        "text": "Im loosing blood what should i do?",
        "userDefined": false
      }
    ],
    "isTemplate": false,
    "count": 0,
    "updated": 0
  }
]