[
  {
    "id": "df11b4be-cd8c-4c6a-a30a-cd2961f8becd",
    "data": [
      {
        "text": "DHS Odisha Contact",
        "userDefined": false
      }
    ],
    "isTemplate": false,
    "count": 0,
    "lang": "en",
    "updated": 0
  },
  {
    "id": "019f4d1f-a8a8-40dc-97dd-c0c22344c5f1",
    "data": [
      {
        "text": "about dhs",
        "userDefined": false
      }
    ],
    "isTemplate": false,
    "count": 1,
    "lang": "en",
    "updated": 0
  },
  {
    "id": "a610fafc-3726-4c24-a723-6a9463e353a6",
    "data": [
      {
        "text": "details to contact",
        "userDefined": false
      }
    ],
    "isTemplate": false,
    "count": 0,
    "lang": "en",
    "updated": 0
  },
  {
    "id": "24248d04-00cf-4149-98ef-a73c00cb65d9",
    "data": [
      {
        "text": "about dhs odisha",
        "userDefined": false
      }
    ],
    "isTemplate": false,
    "count": 0,
    "lang": "en",
    "updated": 0
  }
]