[
  {
    "id": "45555d54-4e4d-4557-9792-ff0948d662fe",
    "data": [
      {
        "text": "take me to the website",
        "userDefined": false
      }
    ],
    "isTemplate": false,
    "count": 0,
    "lang": "en",
    "updated": 0
  },
  {
    "id": "ab5a2231-8daf-46d8-a30b-de3ca1cff8f3",
    "data": [
      {
        "text": "dhs odisha site",
        "userDefined": false
      }
    ],
    "isTemplate": false,
    "count": 0,
    "lang": "en",
    "updated": 0
  },
  {
    "id": "f6aab4f7-1696-4b17-a7f7-e46037e7072c",
    "data": [
      {
        "text": "site of dhs odisha",
        "userDefined": false
      }
    ],
    "isTemplate": false,
    "count": 0,
    "lang": "en",
    "updated": 0
  },
  {
    "id": "053a1af7-39b1-4ca1-804f-d4f552d145da",
    "data": [
      {
        "text": "dhs odisha website",
        "userDefined": false
      }
    ],
    "isTemplate": false,
    "count": 0,
    "lang": "en",
    "updated": 0
  },
  {
    "id": "f43a3ad3-834b-4265-9eec-480cff97d0c2",
    "data": [
      {
        "text": "websitedhs odisha website",
        "userDefined": false
      }
    ],
    "isTemplate": false,
    "count": 0,
    "lang": "en",
    "updated": 0
  }
]