[
  {
    "id": "c45ce0b0-d0cb-489d-a237-cd5c3136189e",
    "data": [
      {
        "text": "talk to dr. ",
        "userDefined": false
      },
      {
        "text": "eva",
        "meta": "@sys.given-name",
        "alias": "given-name",
        "userDefined": false
      }
    ],
    "isTemplate": false,
    "count": 0,
    "lang": "en",
    "updated": 0
  },
  {
    "id": "554c7cd4-55ee-4b37-9ef9-d13de9888055",
    "data": [
      {
        "text": "say about you",
        "userDefined": false
      }
    ],
    "isTemplate": false,
    "count": 0,
    "lang": "en",
    "updated": 0
  },
  {
    "id": "fc2ed7c5-da2e-40a6-8796-8164fd2c1529",
    "data": [
      {
        "text": "tell me about you",
        "userDefined": false
      }
    ],
    "isTemplate": false,
    "count": 0,
    "lang": "en",
    "updated": 0
  },
  {
    "id": "e102cbd8-c355-4b80-9caf-1578b5a52f95",
    "data": [
      {
        "text": "tell me some stuff about you",
        "userDefined": false
      }
    ],
    "isTemplate": false,
    "count": 0,
    "lang": "en",
    "updated": 0
  },
  {
    "id": "99c63e68-992d-4164-ac19-2cedd53a727c",
    "data": [
      {
        "text": "introduction",
        "userDefined": false
      }
    ],
    "isTemplate": false,
    "count": 0,
    "lang": "en",
    "updated": 0
  },
  {
    "id": "0dfaa881-75bf-4de9-a6e5-827b77976750",
    "data": [
      {
        "text": "intro",
        "userDefined": false
      }
    ],
    "isTemplate": false,
    "count": 0,
    "lang": "en",
    "updated": 0
  },
  {
    "id": "5b4fe49f-44fb-4507-ad29-da494a521973",
    "data": [
      {
        "text": "what can you do",
        "userDefined": false
      }
    ],
    "isTemplate": false,
    "count": 0,
    "lang": "en",
    "updated": 0
  },
  {
    "id": "12618369-3cee-416e-90e4-e8bf1a90413c",
    "data": [
      {
        "text": "help",
        "userDefined": false
      }
    ],
    "isTemplate": false,
    "count": 0,
    "lang": "en",
    "updated": 0
  },
  {
    "id": "8faecd24-99af-4c05-a01e-a2f9c733bc1b",
    "data": [
      {
        "text": "Get Started",
        "userDefined": false
      }
    ],
    "isTemplate": false,
    "count": 0,
    "lang": "en",
    "updated": 0
  },
  {
    "id": "9c5c8531-0e05-4f25-99eb-889085306a83",
    "data": [
      {
        "text": "hi there",
        "userDefined": false
      }
    ],
    "isTemplate": false,
    "count": 0,
    "lang": "en",
    "updated": 0
  },
  {
    "id": "f78e1804-57ca-4cff-8c94-a14a7665c8ff",
    "data": [
      {
        "text": "hello again",
        "userDefined": false
      }
    ],
    "isTemplate": false,
    "count": 0,
    "lang": "en",
    "updated": 0
  },
  {
    "id": "fe7e654b-31bb-4a0a-9c94-1efd02f898c8",
    "data": [
      {
        "text": "I greet you",
        "userDefined": false
      }
    ],
    "isTemplate": false,
    "count": 0,
    "lang": "en",
    "updated": 0
  },
  {
    "id": "a6e3dd1d-e8d6-46e1-82f7-5363635d4995",
    "data": [
      {
        "text": "lovely day isn\u0027t it",
        "userDefined": false
      }
    ],
    "isTemplate": false,
    "count": 0,
    "lang": "en",
    "updated": 0
  },
  {
    "id": "0c680abe-4064-4326-968b-c754dd4b0263",
    "data": [
      {
        "text": "hello",
        "userDefined": false
      }
    ],
    "isTemplate": false,
    "count": 0,
    "lang": "en",
    "updated": 0
  },
  {
    "id": "a5876fe4-d4ea-4014-a58c-2c50e3f33192",
    "data": [
      {
        "text": "long time no see",
        "userDefined": false
      }
    ],
    "isTemplate": false,
    "count": 0,
    "lang": "en",
    "updated": 0
  },
  {
    "id": "0e90867c-3b25-441a-b326-b74e4fa4ba35",
    "data": [
      {
        "text": "hey",
        "userDefined": false
      }
    ],
    "isTemplate": false,
    "count": 0,
    "lang": "en",
    "updated": 0
  },
  {
    "id": "641455a1-ccb7-4966-b7c1-caaaca183347",
    "data": [
      {
        "text": "greetings",
        "userDefined": false
      }
    ],
    "isTemplate": false,
    "count": 1,
    "lang": "en",
    "updated": 0
  },
  {
    "id": "0d0e7cb2-3399-4fea-bc33-8a16b57f01ce",
    "data": [
      {
        "text": "hey there",
        "userDefined": false
      }
    ],
    "isTemplate": false,
    "count": 0,
    "lang": "en",
    "updated": 0
  },
  {
    "id": "a0e9fc86-a396-46ae-ba04-2e9928f4fdfd",
    "data": [
      {
        "text": "howdy",
        "userDefined": false
      }
    ],
    "isTemplate": false,
    "count": 0,
    "lang": "en",
    "updated": 0
  },
  {
    "id": "6efd80fe-e1dc-4b04-8953-f5e637cfaed9",
    "data": [
      {
        "text": "hello hi",
        "userDefined": false
      }
    ],
    "isTemplate": false,
    "count": 0,
    "lang": "en",
    "updated": 0
  },
  {
    "id": "c00fdca9-90de-4179-a67c-697a28d6d7f6",
    "data": [
      {
        "text": "heya",
        "userDefined": false
      }
    ],
    "isTemplate": false,
    "count": 0,
    "lang": "en",
    "updated": 0
  },
  {
    "id": "67e8c837-d2c8-4245-ba2c-f9cd76125eb3",
    "data": [
      {
        "text": "just going to say hi",
        "userDefined": false
      }
    ],
    "isTemplate": false,
    "count": 1,
    "lang": "en",
    "updated": 0
  },
  {
    "id": "304ec161-f652-4b54-9dde-b662bb393013",
    "data": [
      {
        "text": "hi",
        "userDefined": false
      }
    ],
    "isTemplate": false,
    "count": 0,
    "lang": "en",
    "updated": 0
  },
  {
    "id": "23abba85-afb3-4ef7-b0d9-5c775236eeec",
    "data": [
      {
        "text": "eva",
        "userDefined": false
      },
      {
        "text": " features",
        "userDefined": false
      }
    ],
    "isTemplate": false,
    "count": 0,
    "lang": "en",
    "updated": 0
  },
  {
    "id": "307dc7ca-4769-44ee-88d5-f84b0bef2131",
    "data": [
      {
        "text": "features",
        "userDefined": false
      }
    ],
    "isTemplate": false,
    "count": 0,
    "lang": "en",
    "updated": 0
  },
  {
    "id": "9d5397ec-25a0-46a9-9f22-33e90d188a86",
    "data": [
      {
        "text": "what are your features?",
        "userDefined": false
      }
    ],
    "isTemplate": false,
    "count": 0,
    "lang": "en",
    "updated": 0
  },
  {
    "id": "91358b19-d617-4d96-a5df-84e40d2d606a",
    "data": [
      {
        "text": "what are you here for?",
        "userDefined": false
      }
    ],
    "isTemplate": false,
    "count": 0,
    "lang": "en",
    "updated": 0
  },
  {
    "id": "98fc0a05-155b-4767-b898-7253ed79bde3",
    "data": [
      {
        "text": "what can you do?",
        "userDefined": false
      }
    ],
    "isTemplate": false,
    "count": 0,
    "lang": "en",
    "updated": 0
  }
]