[
  {
    "id": "079a1d63-a82c-4e55-92fb-e331d83d6634",
    "data": [
      {
        "text": "Hg",
        "userDefined": false
      }
    ],
    "isTemplate": false,
    "count": 0,
    "lang": "en",
    "updated": 0
  },
  {
    "id": "b305dee9-57f2-40c8-8388-f9c10a9319f1",
    "data": [
      {
        "text": "haemoglobin",
        "userDefined": false
      }
    ],
    "isTemplate": false,
    "count": 0,
    "lang": "en",
    "updated": 0
  },
  {
    "id": "83e6c583-ef75-48d5-9183-35ab5c5f1451",
    "data": [
      {
        "text": "check my haemoglobin status",
        "userDefined": false
      }
    ],
    "isTemplate": false,
    "count": 0,
    "lang": "en",
    "updated": 0
  },
  {
    "id": "d13ea343-45b7-47c6-b478-67ec4f452ce3",
    "data": [
      {
        "text": "I want to check how good are my haemoglobin levels",
        "userDefined": false
      }
    ],
    "isTemplate": false,
    "count": 0,
    "lang": "en",
    "updated": 0
  }
]