[
  {
    "id": "3ed60905-3f76-4441-a35f-fa62b0947453",
    "data": [
      {
        "text": "I grow weary",
        "userDefined": false
      }
    ],
    "isTemplate": false,
    "count": 0,
    "lang": "en-in",
    "updated": 0
  },
  {
    "id": "71e3fe50-cb78-44ac-b7f2-0afc84eb8563",
    "data": [
      {
        "text": "I ",
        "userDefined": false
      },
      {
        "text": "feel",
        "userDefined": false
      },
      {
        "text": " tired",
        "userDefined": false
      }
    ],
    "isTemplate": false,
    "count": 0,
    "lang": "en-in",
    "updated": 0
  },
  {
    "id": "5c9bd38c-76c1-4c3c-84f0-eca6db3ca14c",
    "data": [
      {
        "text": "I\u0027m getting tired",
        "userDefined": false
      }
    ],
    "isTemplate": false,
    "count": 0,
    "lang": "en-in",
    "updated": 0
  },
  {
    "id": "d918309e-d19d-46d9-911e-78fa19cd1f7b",
    "data": [
      {
        "text": "I\u0027ve overworked",
        "userDefined": false
      }
    ],
    "isTemplate": false,
    "count": 0,
    "lang": "en-in",
    "updated": 0
  },
  {
    "id": "b8ca48f4-ee62-434d-8867-f6cc4e9f5cc7",
    "data": [
      {
        "text": "I\u0027m worn out",
        "userDefined": false
      }
    ],
    "isTemplate": false,
    "count": 0,
    "lang": "en-in",
    "updated": 0
  },
  {
    "id": "b52b0003-cfaf-4c4a-aada-adfc1240018a",
    "data": [
      {
        "text": "I\u0027m exhausted",
        "userDefined": false
      }
    ],
    "isTemplate": false,
    "count": 0,
    "lang": "en-in",
    "updated": 0
  },
  {
    "id": "12391bd2-8909-474b-975a-fa998892959b",
    "data": [
      {
        "text": "I am tired",
        "userDefined": false
      }
    ],
    "isTemplate": false,
    "count": 0,
    "lang": "en-in",
    "updated": 0
  },
  {
    "id": "27977d79-a8c5-4e98-8b71-5a46fd78ee30",
    "data": [
      {
        "text": "I\u0027m drained",
        "userDefined": false
      }
    ],
    "isTemplate": false,
    "count": 0,
    "lang": "en-in",
    "updated": 0
  }
]