[
  {
    "id": "31533dda-d628-46fc-8276-b6c57ea4dc32",
    "data": [
      {
        "text": "great",
        "userDefined": false
      },
      {
        "text": " ",
        "userDefined": false
      },
      {
        "text": "work",
        "userDefined": false
      }
    ],
    "isTemplate": false,
    "count": 0,
    "lang": "en",
    "updated": 0
  },
  {
    "id": "4233ff8b-fc66-476f-ba95-6fdcd8b36c1b",
    "data": [
      {
        "text": "bravo",
        "userDefined": false
      }
    ],
    "isTemplate": false,
    "count": 0,
    "lang": "en",
    "updated": 0
  },
  {
    "id": "10a1da11-dae9-4cf3-b0d9-b5cd75b830ec",
    "data": [
      {
        "text": "way to go",
        "userDefined": false
      }
    ],
    "isTemplate": false,
    "count": 0,
    "lang": "en",
    "updated": 0
  },
  {
    "id": "b94376f6-8737-405f-aba3-12728a2a0fd3",
    "data": [
      {
        "text": "great job",
        "userDefined": false
      }
    ],
    "isTemplate": false,
    "count": 0,
    "lang": "en",
    "updated": 0
  },
  {
    "id": "ef7b3d82-042e-402f-a88e-f4d727e5e493",
    "data": [
      {
        "text": "good",
        "userDefined": false
      },
      {
        "text": " ",
        "userDefined": false
      },
      {
        "text": "work",
        "userDefined": false
      }
    ],
    "isTemplate": false,
    "count": 0,
    "lang": "en",
    "updated": 0
  },
  {
    "id": "84d167ce-75d8-447c-97b9-4e7066b84eef",
    "data": [
      {
        "text": "amazing ",
        "userDefined": false
      },
      {
        "text": "work",
        "userDefined": false
      }
    ],
    "isTemplate": false,
    "count": 0,
    "lang": "en",
    "updated": 0
  },
  {
    "id": "e5835045-08f6-4518-bdea-b5a1495aa9a6",
    "data": [
      {
        "text": "well",
        "userDefined": false
      },
      {
        "text": " done",
        "userDefined": false
      }
    ],
    "isTemplate": false,
    "count": 0,
    "lang": "en",
    "updated": 0
  },
  {
    "id": "201c3da6-f347-4e31-8879-df9ab344608b",
    "data": [
      {
        "text": "good job",
        "userDefined": false
      }
    ],
    "isTemplate": false,
    "count": 0,
    "lang": "en",
    "updated": 0
  },
  {
    "id": "2f1544df-9f37-4167-b0c0-1ce43e3b46ca",
    "data": [
      {
        "text": "nice",
        "userDefined": false
      },
      {
        "text": " ",
        "userDefined": false
      },
      {
        "text": "work",
        "userDefined": false
      }
    ],
    "isTemplate": false,
    "count": 0,
    "lang": "en",
    "updated": 0
  }
]