[
  {
    "id": "4d584f2f-78f4-4cca-be41-06fd124c1a96",
    "data": [
      {
        "text": "I\u0027m not happy",
        "userDefined": false
      }
    ],
    "isTemplate": false,
    "count": 0,
    "lang": "en",
    "updated": 0
  },
  {
    "id": "de04fb22-dfb9-486c-b85d-85fdc347637e",
    "data": [
      {
        "text": "I\u0027m having a bad day",
        "userDefined": false
      }
    ],
    "isTemplate": false,
    "count": 0,
    "lang": "en",
    "updated": 0
  },
  {
    "id": "5924966d-9d57-4e8b-89f6-a7df7f42e80f",
    "data": [
      {
        "text": "I am feeling sad",
        "userDefined": false
      }
    ],
    "isTemplate": false,
    "count": 0,
    "lang": "en",
    "updated": 0
  },
  {
    "id": "133ee361-6e59-4118-9985-1ecc71864137",
    "data": [
      {
        "text": "I am upset",
        "userDefined": false
      }
    ],
    "isTemplate": false,
    "count": 0,
    "lang": "en",
    "updated": 0
  },
  {
    "id": "bfb4dc72-6a4f-4d6f-b0ff-826c91691827",
    "data": [
      {
        "text": "I",
        "userDefined": false
      },
      {
        "text": " want ",
        "userDefined": false
      },
      {
        "text": "to",
        "userDefined": false
      },
      {
        "text": " cry",
        "userDefined": false
      }
    ],
    "isTemplate": false,
    "count": 0,
    "lang": "en",
    "updated": 0
  },
  {
    "id": "2023d28f-0d5b-414c-969c-54ad1ecbd604",
    "data": [
      {
        "text": "I am depressed",
        "userDefined": false
      }
    ],
    "isTemplate": false,
    "count": 0,
    "lang": "en",
    "updated": 0
  },
  {
    "id": "fa0c9e04-da81-404f-9277-9c3ade652b88",
    "data": [
      {
        "text": "I\u0027m unhappy",
        "userDefined": false
      }
    ],
    "isTemplate": false,
    "count": 0,
    "lang": "en",
    "updated": 0
  },
  {
    "id": "895143a5-2e85-4247-b7c7-9ad591701e92",
    "data": [
      {
        "text": "I\u0027m grieving",
        "userDefined": false
      }
    ],
    "isTemplate": false,
    "count": 0,
    "lang": "en",
    "updated": 0
  },
  {
    "id": "e14d76dc-01a8-4658-95a4-cc7a6905213f",
    "data": [
      {
        "text": "I am sad",
        "userDefined": false
      }
    ],
    "isTemplate": false,
    "count": 0,
    "lang": "en",
    "updated": 0
  }
]