[
  {
    "id": "fb91c1bc-690d-4d09-bc28-3127be6db303",
    "data": [
      {
        "text": "I\u0027m ",
        "userDefined": false
      },
      {
        "text": "happy",
        "userDefined": false
      },
      {
        "text": " for you",
        "userDefined": false
      }
    ],
    "isTemplate": false,
    "count": 0,
    "lang": "en-in",
    "updated": 0
  },
  {
    "id": "fcac1290-ca08-4668-955f-edeea16f4bd8",
    "data": [
      {
        "text": "I\u0027m ",
        "userDefined": false
      },
      {
        "text": "happy",
        "userDefined": false
      },
      {
        "text": " to see you",
        "userDefined": false
      }
    ],
    "isTemplate": false,
    "count": 0,
    "lang": "en-in",
    "updated": 0
  },
  {
    "id": "0b29e8dc-e94f-4ecb-b4e0-77322c1b781d",
    "data": [
      {
        "text": "I am ",
        "userDefined": false
      },
      {
        "text": "happy",
        "userDefined": false
      }
    ],
    "isTemplate": false,
    "count": 0,
    "lang": "en-in",
    "updated": 0
  },
  {
    "id": "06325968-bc88-45a0-9fae-e47d8302b557",
    "data": [
      {
        "text": "happy",
        "userDefined": false
      }
    ],
    "isTemplate": false,
    "count": 0,
    "lang": "en-in",
    "updated": 0
  },
  {
    "id": "37d26d9e-5378-409f-b5f6-e09bce179f10",
    "data": [
      {
        "text": "if you\u0027re ",
        "userDefined": false
      },
      {
        "text": "happy",
        "userDefined": false
      },
      {
        "text": " then I\u0027m ",
        "userDefined": false
      },
      {
        "text": "happy",
        "userDefined": false
      }
    ],
    "isTemplate": false,
    "count": 0,
    "lang": "en-in",
    "updated": 0
  },
  {
    "id": "dc5a620c-ec2f-4669-9a9e-ac00a5115f66",
    "data": [
      {
        "text": "I\u0027m happy to help",
        "userDefined": false
      }
    ],
    "isTemplate": false,
    "count": 0,
    "lang": "en-in",
    "updated": 0
  },
  {
    "id": "3af202ce-4ae8-458c-ad72-49f9b08dd567",
    "data": [
      {
        "text": "I\u0027m happy to see you",
        "userDefined": false
      }
    ],
    "isTemplate": false,
    "count": 0,
    "lang": "en-in",
    "updated": 0
  }
]