[
  {
    "id": "4e58232a-3aef-4fc2-87d8-ec0a05888197",
    "data": [
      {
        "text": "I\u0027m really excited",
        "userDefined": false
      }
    ],
    "isTemplate": false,
    "count": 0,
    "updated": 0
  },
  {
    "id": "5d5f6436-81a9-4099-8f50-e4001aa8df96",
    "data": [
      {
        "text": "I\u0027m excited to start our friendship",
        "userDefined": false
      }
    ],
    "isTemplate": false,
    "count": 0,
    "updated": 0
  },
  {
    "id": "0858294c-5079-4c25-8f93-51bf1a1b0046",
    "data": [
      {
        "text": "I am excited",
        "userDefined": false
      }
    ],
    "isTemplate": false,
    "count": 0,
    "updated": 0
  },
  {
    "id": "099cac99-fe6e-4933-8ce0-6d5cf86ef647",
    "data": [
      {
        "text": "how excited I am",
        "userDefined": false
      }
    ],
    "isTemplate": false,
    "count": 0,
    "updated": 0
  },
  {
    "id": "8685b1ad-0bd1-49c0-a465-0b2750184b62",
    "data": [
      {
        "text": "I\u0027m excited about working with you",
        "userDefined": false
      }
    ],
    "isTemplate": false,
    "count": 0,
    "updated": 0
  },
  {
    "id": "d9bd1313-9812-4f96-91c5-0d52c053848a",
    "data": [
      {
        "text": "I\u0027m thrilled",
        "userDefined": false
      }
    ],
    "isTemplate": false,
    "count": 0,
    "updated": 0
  }
]